seller_id,buyer_id,traded_energy,traded_price,traded_rate,bid_id,timestamp
B05a,B28,16.0,240.0,15.0,8551cc09-6adb-4e66-891a-c4b0420dbd70,1691657503.859957
B21,B28,13.0,195.0,15.0,d1ee064a-4eeb-41a3-9538-78f3e9d42d60,1691657507.4660153
B06,B09,6.0,90.0,15.0,3d82886a-8e70-4eb5-b0e0-e0660e0cd8f5,1691657511.084021
B06,B22,47.0,705.0,15.0,58397b66-b64d-48bb-9b4b-1aa247ff91c5,1691657516.1095722
B06,B08,15.0,225.0,15.0,eac21a6c-6001-4a12-85dd-5d1c8073076c,1691657521.904895
B06,B36,22.0,330.0,15.0,dbf6b172-20a9-48ab-98cb-6935c1a2ee57,1691657527.724431
Liege,B11,3.0,90.0,30.0,94b47062-7f66-424c-9e14-2198a1d58cc2,1691657535.231361
Market Maker,Liege,3.0,90.0,30.0,c7a8b1ba-6be7-4546-b608-47ddaf11f9f8,1691657541.7852457
Liege,B13,10.0,300.0,30.0,0f29526c-c1e8-4f86-946b-b46113779542,1691657548.2918732
Market Maker,Liege,10.0,300.0,30.0,20e2f68c-1fde-41bf-818d-4751e807d9ba,1691657554.514337
Liege,B23,86.0,2580.0,30.0,69319c9b-2258-4d52-b206-9bfc132d4cb8,1691657561.7068093
Market Maker,Liege,86.0,2580.0,30.0,3961f412-8305-4556-8119-a657a765e743,1691657568.7255168
Liege,B04,3.0,90.0,30.0,e033f53a-30b7-4c44-ac8f-926f328b51c4,1691657576.3894393
Market Maker,Liege,3.0,90.0,30.0,d1817021-8a76-4ea5-98b6-7bd2eb3d853e,1691657583.8313684
Liege,B34,18.0,540.0,30.0,2c743296-1e19-4a7b-bd52-17b9f2232d6d,1691657592.178622
Market Maker,Liege,18.0,540.0,30.0,a71018f1-fd4d-47a5-b1c6-857bd9249937,1691657600.377871
Liege,B31,11.0,330.0,30.0,de7d6b3d-615a-4f9a-b60f-a33031e471df,1691657611.8558755
Market Maker,Liege,11.0,330.0,30.0,220abdf7-0ba8-4b7f-b0f1-ad894d07c7fd,1691657629.3042555
Liege,B42,44.0,1320.0,30.0,2c1be2ab-e6ac-4704-9d7b-476511c1c296,1691657647.7615192
Market Maker,Liege,44.0,1320.0,30.0,bdaaf679-e304-47f8-b632-fe6c75600fb5,1691657667.1586666
Liege,B28,45.0,1350.0,30.0,1c8925a8-f217-4539-a49c-13174fd231f6,1691657686.1534553
Market Maker,Liege,45.0,1350.0,30.0,f0002095-3179-41a7-806b-b8d24d7f9810,1691657706.192072
Liege,B10,48.0,1440.0,30.0,823bcf95-d25b-4a37-b532-1369a8852269,1691657726.2991786
Market Maker,Liege,48.0,1440.0,30.0,58fe6429-c6e4-49d2-be41-e9ab70591a4a,1691657744.7713113
Liege,B15,70.0,2100.0,30.0,fec2a5b3-fccd-4e27-baa6-8fe7847a7d86,1691657764.2869809
Market Maker,Liege,70.0,2100.0,30.0,b7eb49fb-db96-4570-95c7-6a2b0d26dd6a,1691657784.217286
Liege,B17,3.0,90.0,30.0,4ea813a9-8e75-402b-ada6-947ea8fe9091,1691657804.657444
Market Maker,Liege,3.0,90.0,30.0,4593f955-2e7f-40d5-ab52-af9c527a80c1,1691657825.0725317
Liege,B52,26.0,780.0,30.0,bc2f8811-fce4-43e6-86a9-8dd827f5c876,1691657846.2479234
Market Maker,Liege,26.0,780.0,30.0,150fcdfa-7788-4920-ae02-bba00dc5fd35,1691657867.078256
Liege,B36,96.0,2880.0,30.0,a7f5f3f9-8722-45b8-a3c3-a66b916dd089,1691657888.6139
Market Maker,Liege,96.0,2880.0,30.0,129e3c94-a333-4592-86e2-782e00b18ab2,1691657910.3183625
B06,B22,46.0,690.0,15.0,5d88cb7c-324a-41e9-86d3-a144573edae3,1691657933.2584863
B06,B31,10.0,150.0,15.0,fe9faaf9-6cb3-4939-96e9-ab721bf50428,1691657955.7431173
B06,B11,2.0,30.0,15.0,51f192e4-13d4-4f14-ae44-95a76409dc8f,1691657979.0309885
B06,B15,41.0,615.0,15.0,7da4e28c-5beb-431d-b70b-2f8317270eeb,1691658002.9875686
B05a,B34,16.0,240.0,15.0,145e7448-87b8-4935-90e2-4fc5c71c48e8,1691658029.3487272
B21,B09,8.0,120.0,15.0,e452ecb8-ec1f-4c31-9f26-5a986d329f78,1691658055.1276822
B21,B23,6.0,90.0,15.0,8e44b7ee-2225-4239-926b-aa6acd82763e,1691658080.6817021
Liege,B52,25.0,750.0,30.0,814c6b0e-a10b-4bc8-843c-dd28b7d8c78e,1691658106.160608
Market Maker,Liege,25.0,750.0,30.0,b6114696-4e32-45ae-b769-e93022d1e0e0,1691658138.43789
Liege,B10,51.0,1530.0,30.0,8b5a4271-71b1-4498-ba85-927ef297980f,1691658166.7703667
Market Maker,Liege,51.0,1530.0,30.0,50a30744-391e-43c9-b681-26f37895fe76,1691658195.863033
Liege,B04,2.0,60.0,30.0,0e0b8f36-0c6d-4adc-b418-de749ed3536f,1691658223.9196405
Market Maker,Liege,2.0,60.0,30.0,cbf51cec-e88e-4e5f-af58-a228ee33d34f,1691658252.0711484
Liege,B42,47.0,1410.0,30.0,39ac1098-e834-4452-bc28-b856879a825f,1691658281.3120258
Market Maker,Liege,47.0,1410.0,30.0,b1ba744e-4dee-4a3e-adca-65a7139529c0,1691658311.0124905
Liege,B13,10.0,300.0,30.0,1cb79f63-7d71-4a37-8d5c-98bd1ac38bd6,1691658340.0158582
Market Maker,Liege,10.0,300.0,30.0,9f91532a-80f8-45b8-8b12-e780bc8d39d5,1691658371.3740644
Liege,B34,6.0,180.0,30.0,48b24476-2ac5-4b5c-a299-990ccf773eae,1691658401.88021
Market Maker,Liege,6.0,180.0,30.0,31843c53-62e1-4cec-b252-38458ff4b75f,1691658433.321595
Liege,B23,86.0,2580.0,30.0,d1081b71-6a73-41ed-ba1f-469a48f51597,1691658464.8718498
Market Maker,Liege,86.0,2580.0,30.0,0c96d35d-f19d-489e-a2f7-470ad5bf68e5,1691658496.9931827
Liege,B15,40.0,1200.0,30.0,86e678f3-7b4e-48f3-9414-aba9d4ed74d0,1691658529.964054
Market Maker,Liege,40.0,1200.0,30.0,f53c5fd3-b6c2-4b74-a8ee-d3bb788ecb18,1691658562.5196028
Liege,B36,118.0,3540.0,30.0,5b4ef900-1f24-49a7-9e78-798a60a9e70a,1691658596.415853
Market Maker,Liege,118.0,3540.0,30.0,a5ee1a54-e912-4a70-a8ea-9b2abdf6d880,1691658637.894193
Liege,B17,3.0,90.0,30.0,ab140212-ce19-4d52-9a25-0de4984e9410,1691658685.427499
Market Maker,Liege,3.0,90.0,30.0,88ef3992-b6e1-47ec-9623-fd9c584b1899,1691658720.6509948
Liege,B28,73.0,2190.0,30.0,77126a15-de71-4b00-8461-5b8e24fd8de0,1691658756.7235487
Market Maker,Liege,73.0,2190.0,30.0,75dcfbae-c342-4cde-910f-83ad234078b4,1691658792.9464188
Liege,B08,14.0,420.0,30.0,eefcd059-6c12-42ae-aa6e-016305a08271,1691658829.9932652
Market Maker,Liege,14.0,420.0,30.0,c2a86035-3272-4c7f-8078-8e89bc20e5a5,1691658877.6053243
B05a,B52,16.0,240.0,15.0,02aa560e-560e-4b7f-a11d-ec66c610f975,1691658921.1626315
B21,B10,13.0,195.0,15.0,afa86210-0271-4b49-a8b7-55bb2f2b10f3,1691658952.0666533
B06,B13,10.0,150.0,15.0,b92220cd-024a-4d3a-82ff-54cb9a1e0ff2,1691658972.9564288
B06,B09,6.0,90.0,15.0,3c697cd9-9738-44d8-82ea-0bef533ea68d,1691658994.2022889
B06,B15,82.0,1230.0,15.0,2d2c071c-9575-45c0-aeda-a30f2b85ee06,1691659016.1257892
Liege,B11,3.0,90.0,30.0,56adacbd-e5f1-4efd-9ce1-c656f851af99,1691659038.12595
Market Maker,Liege,3.0,90.0,30.0,956e632d-f189-4d06-a129-dd00ace96b17,1691659061.6664772
Liege,B22,44.0,1320.0,30.0,ced78cdb-15a4-44f7-855b-a644c60ace71,1691659084.3659475
Market Maker,Liege,44.0,1320.0,30.0,cb3d6b9e-aa7c-4758-b89b-6f0060673c6d,1691659107.0609548
Liege,B15,2.0,60.0,30.0,5ec54d64-9649-4947-b37a-b027d52c8459,1691659131.1523197
Market Maker,Liege,2.0,60.0,30.0,b30cfe1a-ce69-4a07-b118-c6d9b6c004d3,1691659154.6633718
Liege,B42,47.0,1410.0,30.0,3d0ac401-7fa6-405f-90f8-2df7ac0195d0,1691659177.9621074
Market Maker,Liege,47.0,1410.0,30.0,d2a539a5-3133-4011-a2a3-1a0f536a4645,1691659201.6343508
Liege,B31,10.0,300.0,30.0,79906edf-6ebc-432c-bae2-66ff7849761f,1691659225.7276385
Market Maker,Liege,10.0,300.0,30.0,228f3d49-9c5b-4015-b856-f40f054f32fe,1691659249.5564973
Liege,B04,2.0,60.0,30.0,b9d61a5b-f442-4b28-bd78-ffd2371e531d,1691659274.2526562
Market Maker,Liege,2.0,60.0,30.0,ceefcec3-87bc-4743-a6d3-6589132358b7,1691659299.3918867
Liege,B34,18.0,540.0,30.0,189a3bac-fb17-474a-85cc-5b16b2ff4791,1691659324.6758325
Market Maker,Liege,18.0,540.0,30.0,c2c48970-4b32-47b9-864e-2f542789f575,1691659349.8783083
Liege,B08,14.0,420.0,30.0,18d270f1-668d-42ec-a868-ada8427efb59,1691659375.7305236
Market Maker,Liege,14.0,420.0,30.0,bb4be180-5370-45eb-a4eb-6768e9f67cec,1691659401.7435982
Liege,B17,3.0,90.0,30.0,03985461-645a-4d26-8636-393c360a52ba,1691659428.238814
Market Maker,Liege,3.0,90.0,30.0,f5dd12a7-87dd-4001-be36-e203a9291bd6,1691659454.3119347
Liege,B28,76.0,2280.0,30.0,68a92475-a522-42f4-b240-27330f0aa755,1691659481.1098506
Market Maker,Liege,76.0,2280.0,30.0,a31e6974-4938-426e-b3a6-88e9b79c5527,1691659508.2868052
Liege,B36,137.0,4110.0,30.0,1cc8e02b-7fbb-4617-b38b-9e20f1eba892,1691659535.1058037
Market Maker,Liege,137.0,4110.0,30.0,8ad38906-55f6-4ec4-b001-c787f3fdd9e8,1691659562.6378498
Liege,B23,89.0,2670.0,30.0,ffec88a9-730d-4426-afee-87a887586d12,1691659590.1204705
Market Maker,Liege,89.0,2670.0,30.0,a61c9bee-fb80-4077-b988-9b537cd1f690,1691659617.838245
Liege,B52,10.0,300.0,30.0,8c4db5f3-74dc-408b-92c9-6e3c979fed4b,1691659645.788549
Market Maker,Liege,10.0,300.0,30.0,b5ace7f7-2d49-47a8-99d2-5413b05ccce0,1691659680.3856075
Liege,B10,36.0,1080.0,30.0,86e9caee-30aa-4d5c-98d5-e23a066f1f10,1691659716.7270434
Market Maker,Liege,36.0,1080.0,30.0,0fc74a18-93cb-4114-bb50-0f3389cde3b4,1691659751.6971574
B21,B15,12.0,180.0,15.0,40645644-f4e0-4e18-a39a-4eba30bf17b6,1691659780.7264383
B05a,B17,4.0,60.0,15.0,e29d67a0-1ff8-4a90-9a2e-15cf67f6abdd,1691659809.4266791
B05a,B10,12.0,180.0,15.0,6711fb51-0aed-4b80-be86-f8dd6cbbb0c5,1691659840.7808783
B06,B36,93.0,1395.0,15.0,dfb9933a-a984-421f-a0c0-62c88cc8aed4,1691659870.9479623
Liege,B52,26.0,780.0,30.0,cd304d86-022b-4b97-ba27-10e40b4160d2,1691659902.3761208
Market Maker,Liege,26.0,780.0,30.0,0e39f5ec-7749-417d-8f0c-0be7441f87cf,1691659931.7536836
Liege,B08,14.0,420.0,30.0,849a036f-6099-43cc-ad2d-b54adbdb5bce,1691659961.5951085
Market Maker,Liege,14.0,420.0,30.0,a1c5fec3-51aa-41e8-8920-ebe6a9c06f3b,1691659991.7520077
Liege,B22,43.0,1290.0,30.0,b97ce19d-1935-4c96-9acf-56410b9e8a4e,1691660022.65554
Market Maker,Liege,43.0,1290.0,30.0,fc4b9e25-2c3d-4a13-890d-2224b467adec,1691660054.2707286
Liege,B10,39.0,1170.0,30.0,bde6082f-2d70-4b7d-bf0b-5555f9a577bb,1691660087.8875546
Market Maker,Liege,39.0,1170.0,30.0,ce3fb3d5-ceee-49c0-a459-aaa3b54fa9a5,1691660119.712673
Liege,B31,11.0,330.0,30.0,95c82249-facf-4cc7-8ad5-113fed745cfc,1691660151.1932478
Market Maker,Liege,11.0,330.0,30.0,663b0efa-4f25-4173-a1d2-bed140045f47,1691660183.2901235
Liege,B28,76.0,2280.0,30.0,62d71037-d2bd-49d3-9987-9a460cac2131,1691660215.5644422
Market Maker,Liege,76.0,2280.0,30.0,bc87eb0a-89d5-46b2-a8b1-3ad1bd16f10f,1691660248.0572696
Liege,B15,70.0,2100.0,30.0,11c3097d-6e62-495c-9099-e7a3e98d9e86,1691660281.2626197
Market Maker,Liege,70.0,2100.0,30.0,edb78c08-4bd7-4bb5-9e4a-5789d4c909ab,1691660314.7732592
Liege,B11,2.0,60.0,30.0,067ca1fe-23af-405e-b4c2-84c2d50fbfbc,1691660348.355278
Market Maker,Liege,2.0,60.0,30.0,09da74da-de84-4587-808b-256e6be2370d,1691660382.350781
Liege,B23,89.0,2670.0,30.0,898eeb53-36b3-4d2d-a588-78ac8615a9e4,1691660417.098402
Market Maker,Liege,89.0,2670.0,30.0,262b749d-fdf9-453d-8770-02f40ac06a3b,1691660455.074758
Liege,B09,7.0,210.0,30.0,0f78ae31-fc57-471e-ad97-67ccbb241cd3,1691660491.0560694
Market Maker,Liege,7.0,210.0,30.0,1dd5b0fa-de80-4113-84e0-693c68fbf04a,1691660525.9522123
Liege,B04,3.0,90.0,30.0,d939da0a-1b25-4b13-8b90-4254ef0b164e,1691660561.2996507
Market Maker,Liege,3.0,90.0,30.0,ccb25e22-80f4-4cae-bce5-e3fdca6c2438,1691660597.996409
Liege,B42,49.0,1470.0,30.0,4c243b8f-140b-42d3-981e-1d462f34526a,1691660633.2672637
Market Maker,Liege,49.0,1470.0,30.0,7b3f6a6d-20ce-4ed0-84a2-7991925e9fab,1691660669.3561752
Liege,B36,37.0,1110.0,30.0,667b317c-89fe-4e30-8ce6-fbbaebbc6abc,1691660706.2526267
Market Maker,Liege,37.0,1110.0,30.0,68a6c77a-e1ba-4944-9ce4-19ddc62fcf16,1691660744.738397
Liege,B34,19.0,570.0,30.0,4381ad0f-b79f-476f-b620-36919fb75625,1691660789.3686304
Market Maker,Liege,19.0,570.0,30.0,819f2761-4f78-4ca9-bf88-c3f9f51e098d,1691660830.0076644
Liege,B13,10.0,300.0,30.0,d26031bc-d731-4689-85f5-f7ebf48fa917,1691660873.1264675
Market Maker,Liege,10.0,300.0,30.0,473276d9-0456-4dd0-acfe-8f954cba83dd,1691660914.9654884
B05a,B42,15.0,225.0,15.0,e4706a46-7976-44f1-8fcb-f932d901849c,1691660957.2431543
B06,B09,8.0,120.0,15.0,ef0059d2-3368-4ea9-8e7e-0660a5d1de60,1691660999.5877416
B06,B42,32.0,480.0,15.0,d0d1840c-c5f9-4431-a91a-2c5dc4f678bc,1691661044.3056304
B06,B10,52.0,780.0,15.0,36964e3b-b327-485b-9fce-3eb1f975f087,1691661088.3530471
B21,B36,9.0,135.0,15.0,30f39b5f-03b9-4977-a5dd-83e91f08d7fa,1691661134.1432807
Liege,B22,44.0,1320.0,30.0,221f2801-57da-43c1-b84b-9ead814c0e9c,1691661177.574688
Market Maker,Liege,44.0,1320.0,30.0,177e2430-0fc3-4fb8-beef-8216fe91cd53,1691661222.376933
Liege,B36,116.0,3480.0,30.0,e698ba84-2948-42cb-bb19-e7fcf6be3ae3,1691661267.7494552
Market Maker,Liege,116.0,3480.0,30.0,7d347149-bcd9-45ed-8aba-4f64d51e619b,1691661312.34064
Liege,B08,14.0,420.0,30.0,5ec7ccc3-7094-4a50-90c3-b9e4d2b90e5f,1691661358.5315733
Market Maker,Liege,14.0,420.0,30.0,eadea4be-2202-41fc-8d13-ce8c2ea95e50,1691661403.4288366
Liege,B28,76.0,2280.0,30.0,32a759d8-b3fe-4d33-8cbc-f1a348740705,1691661449.8545644
Market Maker,Liege,76.0,2280.0,30.0,c4e52c65-b529-447d-a3a8-aa77dd113ad5,1691661496.7395916
Liege,B34,21.0,630.0,30.0,f23c2fef-e315-4169-8781-a9dcb5a8de50,1691661542.6599355
Market Maker,Liege,21.0,630.0,30.0,36b7893a-c49e-41bf-8b06-a603f0bb572a,1691661590.0985858
Liege,B31,10.0,300.0,30.0,70b18e59-9b90-41d9-86cd-1be90c61db60,1691661642.8552155
Market Maker,Liege,10.0,300.0,30.0,e82d801e-54f8-4401-b41a-53eaeadb2fec,1691661692.2495437
Liege,B13,9.0,270.0,30.0,07d6251c-f893-45ca-9310-47dae87d1ccd,1691661734.470612
Market Maker,Liege,9.0,270.0,30.0,fd96a7dc-591c-4d8a-8f26-06df0d3779e2,1691661776.541668
Liege,B11,2.0,60.0,30.0,e3e5a4c1-e191-4165-ad2c-27260f42f221,1691661818.4506402
Market Maker,Liege,2.0,60.0,30.0,1fcaf28d-c308-4021-9873-a020b5c0293c,1691661884.472294
Liege,B17,3.0,90.0,30.0,5664f54e-ce79-48bb-ad1a-1e578d24d2bb,1691661975.8466036
Market Maker,Liege,3.0,90.0,30.0,ba921873-c615-4e8e-8d6b-01fed32e2048,1691662068.9254832
Liege,B15,87.0,2610.0,30.0,4a4f8a85-2bee-4202-ae48-5a4cc18ae158,1691662152.8118532
Market Maker,Liege,87.0,2610.0,30.0,92b3cc94-02e1-4c1c-af81-6972abedb9aa,1691662236.1430292
Liege,B23,88.0,2640.0,30.0,56052808-92bc-4f2b-b51d-07edb9b391cf,1691662322.910788
Market Maker,Liege,88.0,2640.0,30.0,9c9a3b0f-3e5d-46c1-bfa3-06f624c1a942,1691662407.1554844
Liege,B04,3.0,90.0,30.0,f3937128-7d80-470b-a556-a5b3ce8dca15,1691662490.701515
Market Maker,Liege,3.0,90.0,30.0,aebddd9b-389c-4633-b36b-64e0e2a6fc91,1691662578.9847028
Liege,B52,23.0,690.0,30.0,c3ba92a9-11e6-4551-b31d-48eb27e6df46,1691662667.513432
Market Maker,Liege,23.0,690.0,30.0,1a06b228-cdca-424e-a029-789d62edd30f,1691662782.1159086
B21,B08,8.0,120.0,15.0,ce1e4689-545f-4e25-9b68-e0268aced01c,1691662873.6688006
B05a,B36,19.0,285.0,15.0,3a340e60-9169-4440-b44a-545c65677f1e,1691662968.1601806
B06,B52,25.0,375.0,15.0,f558552e-1b5e-40f1-8c82-459de99436bc,1691663101.4370565
B06,B11,2.0,30.0,15.0,00b195b3-9622-4f7e-8f09-60aef9a5804d,1691663203.488946
B06,B09,8.0,120.0,15.0,6ee2aa1b-86ed-4b3b-bd78-e2ada5b502fc,1691663277.942097
B06,B17,3.0,45.0,15.0,9936c1f9-ee5a-4865-a159-1685b06435c5,1691663331.4746048
B06,B34,19.0,285.0,15.0,7191b23b-2c64-4c71-ab14-c26ab47f1cc4,1691663388.6564946
B06,B28,42.0,630.0,15.0,adeede60-c16e-4e91-ac72-090e577e1f75,1691663443.4251075
Liege,B31,11.0,330.0,30.0,5d19f426-d8bc-463d-af3e-2168dc85064f,1691663499.8026633
Market Maker,Liege,11.0,330.0,30.0,b77c0bc9-8e62-4f69-ac6a-5dcaf58e188d,1691663557.8554115
Liege,B13,9.0,270.0,30.0,7217093b-ed0f-4c01-a3c9-92102a99402e,1691663614.0870285
Market Maker,Liege,9.0,270.0,30.0,2efc2300-423b-4f65-bb2a-3528b590d99f,1691663665.1062539
Liege,B22,44.0,1320.0,30.0,425cdb88-1527-4ce7-bc9b-d26b10b1b026,1691663715.8065295
Market Maker,Liege,44.0,1320.0,30.0,521ff65e-e28e-46e6-af2b-ca2b288d5ae8,1691663765.2861552
Liege,B36,100.0,3000.0,30.0,afb88be4-0f18-46dc-b350-15c1901c0574,1691663823.5854435
Market Maker,Liege,100.0,3000.0,30.0,0d5aa9f0-0647-4cff-9c80-fe8cad17eb1c,1691663873.8544002
Liege,B15,82.0,2460.0,30.0,96d467cb-c6cd-4535-8f9e-b1c6d784865d,1691663926.8747
Market Maker,Liege,82.0,2460.0,30.0,10c3c81c-0c99-4793-a6b6-4280e11c1d25,1691663979.97059
Liege,B28,31.0,930.0,30.0,48d60da0-bd33-44d5-bd8b-3d0b28a74499,1691664033.388059
Market Maker,Liege,31.0,930.0,30.0,bc0b90bd-b1c4-4f61-b61b-992ebffb6234,1691664087.9095852
Liege,B42,45.0,1350.0,30.0,57e2724d-6ca3-45c8-bc75-2c6c0253b8fd,1691664140.3410637
Market Maker,Liege,45.0,1350.0,30.0,2a0dd156-ef07-41d0-874f-90d9a94cde83,1691664192.81775
Liege,B04,10.0,300.0,30.0,bce008a4-9605-4adc-8414-c5ad5ffa3bfc,1691664246.267262
Market Maker,Liege,10.0,300.0,30.0,10625bb6-7621-48a7-af13-25fe711493a1,1691664299.3665533
Liege,B10,50.0,1500.0,30.0,2676220a-e14e-4e6f-9d0b-2a0da6841760,1691664353.4725559
Market Maker,Liege,50.0,1500.0,30.0,ae8e66a4-487d-4d03-821a-c392f92d4b5b,1691664406.3762448
Liege,B23,87.0,2610.0,30.0,96149fcf-1c00-40b6-93aa-973f1c56a4b1,1691664460.8419049
Market Maker,Liege,87.0,2610.0,30.0,6d849967-c80d-4ff9-a1d8-9f174521d262,1691664517.4353697
Liege,B08,8.0,240.0,30.0,6155e88d-e895-47b4-85ca-4cc31824a616,1691664573.8092318
Market Maker,Liege,8.0,240.0,30.0,9e3f57a3-6f92-4d19-94dc-9f3afe249d14,1691664634.0519304
B21,B42,9.0,135.0,15.0,e5822974-5322-4d34-988a-760d849bf85d,1691664690.0605834
B06,B09,7.0,105.0,15.0,b1fa026a-2ce5-4241-a834-e0cdb19a19b8,1691664745.4420671
B06,B52,26.0,390.0,15.0,5b12cda4-f959-4c0d-b069-181334e70711,1691664800.8432193
B06,B10,51.0,765.0,15.0,a026c608-16f5-4479-a992-5b822bc6210c,1691664867.8677957
B06,B17,3.0,45.0,15.0,fefe71d4-2718-464e-a645-0e7754a85f86,1691664946.3006463
B06,B42,10.0,150.0,15.0,c5be3800-235c-4518-83a0-3f5c3d9c5059,1691665022.5835087
B05a,B28,20.0,300.0,15.0,94c51990-5bdb-4896-950c-c4657c3c2acd,1691665082.9255512
Liege,B11,2.0,60.0,30.0,9b2ccb92-b99a-4809-9c1c-a63549b33f02,1691665140.674762
Market Maker,Liege,2.0,60.0,30.0,b7e73044-5d04-41df-bba7-8bf9fab6987a,1691665198.813166
Liege,B23,85.0,2550.0,30.0,da0b5da4-f686-4498-9541-5e661d69115d,1691665255.6315873
Market Maker,Liege,85.0,2550.0,30.0,0530deb0-70fe-4a74-879e-64e8cf86709a,1691665313.53447
Liege,B22,43.0,1290.0,30.0,1dd6a438-99d6-4a6e-88db-3a74e77f9290,1691665371.8780947
Market Maker,Liege,43.0,1290.0,30.0,3e1b8db1-bcc5-4c8c-bad6-625a63dc3f7a,1691665430.950884
Liege,B36,121.0,3630.0,30.0,1a8859c2-9f24-4c75-aa8d-52e37f507b2a,1691665489.7142313
Market Maker,Liege,121.0,3630.0,30.0,bca8b6c2-4f39-426f-8425-26dd595326c0,1691665550.307291
Liege,B42,23.0,690.0,30.0,0bb466b6-3599-4f5f-98fc-c2e2b1b89673,1691665613.3990839
Market Maker,Liege,23.0,690.0,30.0,c53715e1-5ce5-4829-aa55-4d5f9ebf057d,1691665675.3013299
Liege,B08,16.0,480.0,30.0,a4058569-ddb2-43f4-8906-29c81242e54b,1691665736.1812458
Market Maker,Liege,16.0,480.0,30.0,53e5c968-345a-456b-8a86-0f0ca2b797ad,1691665797.903141
Liege,B31,11.0,330.0,30.0,64399ab1-f827-4798-8f72-0933bf8a88d8,1691665858.3207393
Market Maker,Liege,11.0,330.0,30.0,cefbdb4e-641c-47eb-a1e1-bb54f9622c0b,1691665919.8219354
Liege,B04,11.0,330.0,30.0,b4242317-f60b-4d5d-ade1-1e410a340a65,1691665981.6917598
Market Maker,Liege,11.0,330.0,30.0,298d4b5d-7ed9-4d17-86d7-7c146d805a30,1691666049.8376603
Liege,B28,56.0,1680.0,30.0,80efdeeb-2632-4f1a-9a52-984c63059f81,1691666117.4219344
Market Maker,Liege,56.0,1680.0,30.0,33099e1f-d7d0-4f10-b44d-0bb3697c8551,1691666182.6828973
Liege,B15,84.0,2520.0,30.0,c6a2cdef-436c-4fd9-b2c1-b85abf2d98b4,1691666248.7539158
Market Maker,Liege,84.0,2520.0,30.0,38bc3259-8637-4953-b70e-13d9e32fc4e5,1691666323.2363377
Liege,B13,9.0,270.0,30.0,aeff9644-4ddd-4673-9000-0df2305980e1,1691666401.9438858
Market Maker,Liege,9.0,270.0,30.0,5269aa6b-825c-4714-85fb-30739bb53265,1691666473.0578718
Liege,B34,18.0,540.0,30.0,c9a76f1c-9225-427c-9b13-39ba6943458d,1691666536.741933
Market Maker,Liege,18.0,540.0,30.0,a92fa087-77a8-4af4-bb8c-a9e1560d176a,1691666600.9279566
B06,B08,17.0,255.0,15.0,cc155c36-9852-4d73-9a96-1525b657ca48,1691666664.3707478
B06,B17,4.0,60.0,15.0,247e5a24-a759-4da7-a96f-0db53ffb3351,1691666727.522746
B06,B36,75.0,1125.0,15.0,fabd1044-4187-4aad-88c7-7853180b9625,1691666791.7739487
B05a,B34,19.0,285.0,15.0,a789a8a8-6663-4697-b3f5-54334717edb4,1691666857.0225663
B21,B13,8.0,120.0,15.0,ecd25b9c-2055-4168-9cd8-2a43a35f13a9,1691666922.1339471
Liege,B11,2.0,60.0,30.0,2254b6f9-ff29-4372-929e-cc4fdc40ba42,1691666989.301085
Market Maker,Liege,2.0,60.0,30.0,3c3af069-d96b-45b3-affc-bb526741de11,1691667075.4481287
Liege,B04,10.0,300.0,30.0,c195ed0f-56d9-43c4-be41-80de3e06a000,1691667179.7642953
Market Maker,Liege,10.0,300.0,30.0,9cb70b97-6c65-49ce-ae36-828e5ff1c3a4,1691667285.7131238
Liege,B52,23.0,690.0,30.0,2b6f3900-47a3-409d-a14a-2890584425d7,1691667362.9590185
Market Maker,Liege,23.0,690.0,30.0,8b3bebe2-1485-4e90-9b28-adedd78c9bad,1691667430.9925601
Liege,B28,76.0,2280.0,30.0,4c517182-1ed4-4e6d-8559-6c3fe888c4ab,1691667497.5982735
Market Maker,Liege,76.0,2280.0,30.0,901840c2-2a88-4b42-a9b3-107d4300cbc0,1691667566.5103345
Liege,B22,43.0,1290.0,30.0,18f5ee0f-476c-4867-a5cd-5f21768f341c,1691667634.2333512
Market Maker,Liege,43.0,1290.0,30.0,030a23d5-ff13-4643-8306-b926b7a98a49,1691667702.4313974
Liege,B23,81.0,2430.0,30.0,fec991e0-cdcb-4df2-9d15-d830a17a3f08,1691667771.2247179
Market Maker,Liege,81.0,2430.0,30.0,54347f4a-20e1-4733-b1a6-f215433552fa,1691667837.8981173
Liege,B15,76.0,2280.0,30.0,91ea85e2-3886-4599-9763-d7708b99e8af,1691667905.4326873
Market Maker,Liege,76.0,2280.0,30.0,eea70d3f-cd7a-47e0-b326-96bd72b613c8,1691667972.711958
Liege,B10,50.0,1500.0,30.0,a2fc9429-e41d-4773-a159-2e77e3c5e812,1691668039.9059455
Market Maker,Liege,50.0,1500.0,30.0,05aa01ee-9d76-4f93-a837-41d3e04f7d19,1691668109.1820219
Liege,B31,11.0,330.0,30.0,29553f00-e9a6-41e5-b367-d767940f69af,1691668177.3225367
Market Maker,Liege,11.0,330.0,30.0,ec6379d5-05c9-4ae6-9a1b-6a37ef98c82d,1691668246.2454169
Liege,B13,2.0,60.0,30.0,074209ee-dcef-4624-ac6e-e959c5f8d5e9,1691668314.9889584
Market Maker,Liege,2.0,60.0,30.0,c491f84a-49ba-4e6c-8730-e34e8dd33d79,1691668385.3621695
Liege,B42,44.0,1320.0,30.0,946c3bf0-82d5-4fe2-a45c-c001642ca02a,1691668458.814493
Market Maker,Liege,44.0,1320.0,30.0,a4e76275-d6cf-4416-8c14-5db649fc4106,1691668531.217244
Liege,B34,1.0,30.0,30.0,bc29874c-619d-4554-b9ce-dd616364f644,1691668602.8461516
Market Maker,Liege,1.0,30.0,30.0,4d455447-7d80-4791-8ce9-986932fed81c,1691668673.3946946
Liege,B09,7.0,210.0,30.0,2ddefa11-1738-44d7-8ae7-64db7440bc01,1691668745.3858304
Market Maker,Liege,7.0,210.0,30.0,1fd4a72b-a664-46d9-8efa-a270ce2bcda2,1691668819.6201463
Liege,B36,50.0,1500.0,30.0,6c491d00-eda8-485d-b652-a2c81f2e862b,1691668894.1242692
Market Maker,Liege,50.0,1500.0,30.0,4b85b439-acbc-40be-a4e9-db00bd0a5909,1691668968.7192743
